{
  "params": {
    "learning_rate": 0.00044990344843925825,
    "n_steps": 7465,
    "batch_size": 96,
    "n_epochs": 24,
    "gamma": 0.982159118724112,
    "gae_lambda": 0.9178695193792474,
    "clip_range": 0.267444141967346,
    "ent_coef": 0.00011481472935802298,
    "max_grad_norm": 0.3637677054024369,
    "vf_coef": 0.4741413121652922,
    "net_arch_pi": [
      122,
      383,
      147
    ],
    "net_arch_vf": [
      90,
      330,
      187
    ]
  },
  "mean_reward": -0.9,
  "std_reward": 0.0,
  "n_eval_episodes": 5,
  "timesteps": 250000
}